vendor_id,question_id,answer,evidence_status,owner,remediation,domain,question_text,weight,reference_area,implementation_score,evidence_score,weighted_control_score,evidence_weighted_score,is_gap,priority,risk_tier
V-001,Q-01,yes,documented,Third-Party Risk,Maintain annual program review and supplier risk committee evidence,Governance,Does the supplier maintain a documented information security and supply-chain risk management program?,1.2,NIST 800-161 C-SCRM governance,1.0,1.0,1.2,1.2,False,Low,High
V-001,Q-02,partial,partial,Legal and Procurement,Add named escalation contacts and notification SLA to contract,Governance,Are security responsibilities and escalation contacts defined in the contract or service agreement?,1.0,NIST 800-161 roles and responsibilities,0.5,0.5,0.5,0.5,True,Medium,High
V-001,Q-03,yes,documented,Cloud Security,Retain encryption architecture and key-management evidence,Data Protection,Does the supplier classify customer data and apply encryption at rest and in transit?,1.4,NIST 800-161 protection practices,1.0,1.0,1.4,1.4,False,Low,High
V-001,Q-04,partial,partial,Identity Team,Require phishing-resistant MFA for all privileged supplier access,Identity and Access,Does the supplier enforce MFA and least privilege for administrative access?,1.5,NIST 800-161 foundational cyber practices,0.5,0.5,0.75,0.75,True,Medium,High
V-001,Q-05,no,missing,Identity Team,Establish quarterly privileged access review with sign-off,Identity and Access,Are privileged access reviews performed on a defined cadence?,1.2,NIST 800-161 access governance,0.0,0.0,0.0,0.0,True,High,High
V-001,Q-06,partial,partial,Incident Response,Validate customer notification timing through a tabletop exercise,Incident Response,Does the supplier maintain and test an incident response plan with customer notification criteria?,1.4,NIST 800-161 incident response,0.5,0.5,0.7,0.7,True,Medium,High
V-001,Q-07,yes,documented,Continuity Management,Review recovery test evidence against payment service objectives,Resilience,"Are backup, recovery, and continuity objectives documented and tested?",1.5,NIST 800-161 resilience and availability,1.0,1.0,1.5,1.5,False,Low,High
V-001,Q-08,partial,partial,Security Operations,Confirm log retention monitoring and customer-accessible evidence,Monitoring,"Are security logs protected, retained, and monitored for suspicious activity?",1.2,NIST 800-161 detection and monitoring,0.5,0.5,0.6,0.6,True,Medium,High
V-001,Q-09,yes,documented,Application Security,Track critical remediation SLA exceptions through governance,Vulnerability Management,Does the supplier operate a vulnerability management and remediation process?,1.3,NIST 800-161 vulnerability practices,1.0,1.0,1.3,1.3,False,Low,High
V-001,Q-10,partial,missing,Third-Party Risk,Obtain material fourth-party inventory and flow-down controls,Subcontractors,Does the supplier identify and manage material fourth parties and subcontractors?,1.3,NIST 800-161 multi-tier supply chain,0.5,0.0,0.65,0.0,True,Medium,High
V-001,Q-11,yes,documented,Assurance,Record scope and validity dates of independent assurance,Assurance,Can the supplier provide relevant independent assurance or recent assessment evidence?,1.0,SIG-style assurance domain,1.0,1.0,1.0,1.0,False,Low,High
V-001,Q-12,yes,documented,Legal and Procurement,Verify deletion attestation and exit test evidence,Exit and Deletion,"Are data return, deletion, and secure exit responsibilities documented?",1.1,SIG-style lifecycle domain,1.0,1.0,1.1,1.1,False,Low,High
V-002,Q-01,yes,documented,Third-Party Risk,Refresh supplier program evidence annually,Governance,Does the supplier maintain a documented information security and supply-chain risk management program?,1.2,NIST 800-161 C-SCRM governance,1.0,1.0,1.2,1.2,False,Low,Medium
V-002,Q-02,yes,documented,Legal and Procurement,Keep contract contacts current during renewal,Governance,Are security responsibilities and escalation contacts defined in the contract or service agreement?,1.0,NIST 800-161 roles and responsibilities,1.0,1.0,1.0,1.0,False,Low,Medium
V-002,Q-03,partial,partial,Cloud Security,Close gaps in encryption key ownership documentation,Data Protection,Does the supplier classify customer data and apply encryption at rest and in transit?,1.4,NIST 800-161 protection practices,0.5,0.5,0.7,0.7,True,Medium,Medium
V-002,Q-04,yes,documented,Identity Team,Revalidate administrator access population quarterly,Identity and Access,Does the supplier enforce MFA and least privilege for administrative access?,1.5,NIST 800-161 foundational cyber practices,1.0,1.0,1.5,1.5,False,Low,Medium
V-002,Q-05,partial,partial,Identity Team,Automate privileged access review reminders and sign-off,Identity and Access,Are privileged access reviews performed on a defined cadence?,1.2,NIST 800-161 access governance,0.5,0.5,0.6,0.6,True,Medium,Medium
V-002,Q-06,partial,missing,Incident Response,Obtain a tested notification playbook and evidence,Incident Response,Does the supplier maintain and test an incident response plan with customer notification criteria?,1.4,NIST 800-161 incident response,0.5,0.0,0.7,0.0,True,Medium,Medium
V-002,Q-07,partial,partial,Continuity Management,Test recovery objectives for payroll-critical periods,Resilience,"Are backup, recovery, and continuity objectives documented and tested?",1.5,NIST 800-161 resilience and availability,0.5,0.5,0.75,0.75,True,Medium,Medium
V-002,Q-08,yes,documented,Security Operations,Maintain monitoring evidence and alert response metrics,Monitoring,"Are security logs protected, retained, and monitored for suspicious activity?",1.2,NIST 800-161 detection and monitoring,1.0,1.0,1.2,1.2,False,Low,Medium
V-002,Q-09,yes,documented,Application Security,Review vulnerability aging trends quarterly,Vulnerability Management,Does the supplier operate a vulnerability management and remediation process?,1.3,NIST 800-161 vulnerability practices,1.0,1.0,1.3,1.3,False,Low,Medium
V-002,Q-10,no,missing,Third-Party Risk,Document subcontractor inventory and contractual flow-down,Subcontractors,Does the supplier identify and manage material fourth parties and subcontractors?,1.3,NIST 800-161 multi-tier supply chain,0.0,0.0,0.0,0.0,True,High,Medium
V-002,Q-11,yes,documented,Assurance,Validate assurance report scope against the service boundary,Assurance,Can the supplier provide relevant independent assurance or recent assessment evidence?,1.0,SIG-style assurance domain,1.0,1.0,1.0,1.0,False,Low,Medium
V-002,Q-12,yes,documented,Legal and Procurement,Retain deletion certificate process evidence,Exit and Deletion,"Are data return, deletion, and secure exit responsibilities documented?",1.1,SIG-style lifecycle domain,1.0,1.0,1.1,1.1,False,Low,Medium
V-003,Q-01,partial,partial,Third-Party Risk,Formalize a lightweight supplier risk program,Governance,Does the supplier maintain a documented information security and supply-chain risk management program?,1.2,NIST 800-161 C-SCRM governance,0.5,0.5,0.6,0.6,True,Medium,Medium
V-003,Q-02,partial,missing,Legal and Procurement,Add security contacts and incident escalation terms,Governance,Are security responsibilities and escalation contacts defined in the contract or service agreement?,1.0,NIST 800-161 roles and responsibilities,0.5,0.0,0.5,0.0,True,Medium,Medium
V-003,Q-03,partial,partial,Cloud Security,Document data minimization and encryption coverage,Data Protection,Does the supplier classify customer data and apply encryption at rest and in transit?,1.4,NIST 800-161 protection practices,0.5,0.5,0.7,0.7,True,Medium,Medium
V-003,Q-04,partial,missing,Identity Team,Enforce MFA for support and administrator accounts,Identity and Access,Does the supplier enforce MFA and least privilege for administrative access?,1.5,NIST 800-161 foundational cyber practices,0.5,0.0,0.75,0.0,True,Medium,Medium
V-003,Q-05,no,missing,Identity Team,Start quarterly review of privileged access,Identity and Access,Are privileged access reviews performed on a defined cadence?,1.2,NIST 800-161 access governance,0.0,0.0,0.0,0.0,True,High,Medium
V-003,Q-06,partial,missing,Incident Response,Create and test a customer notification workflow,Incident Response,Does the supplier maintain and test an incident response plan with customer notification criteria?,1.4,NIST 800-161 incident response,0.5,0.0,0.7,0.0,True,Medium,Medium
V-003,Q-07,partial,partial,Continuity Management,Document backup frequency and recovery objectives,Resilience,"Are backup, recovery, and continuity objectives documented and tested?",1.5,NIST 800-161 resilience and availability,0.5,0.5,0.75,0.75,True,Medium,Medium
V-003,Q-08,no,missing,Security Operations,Enable protected logging and define monitoring ownership,Monitoring,"Are security logs protected, retained, and monitored for suspicious activity?",1.2,NIST 800-161 detection and monitoring,0.0,0.0,0.0,0.0,True,High,Medium
V-003,Q-09,partial,partial,Application Security,Define vulnerability severity and remediation targets,Vulnerability Management,Does the supplier operate a vulnerability management and remediation process?,1.3,NIST 800-161 vulnerability practices,0.5,0.5,0.65,0.65,True,Medium,Medium
V-003,Q-10,partial,missing,Third-Party Risk,Identify analytics subcontractors and data flows,Subcontractors,Does the supplier identify and manage material fourth parties and subcontractors?,1.3,NIST 800-161 multi-tier supply chain,0.5,0.0,0.65,0.0,True,Medium,Medium
V-003,Q-11,no,missing,Assurance,Provide a current independent assessment or compensating evidence,Assurance,Can the supplier provide relevant independent assurance or recent assessment evidence?,1.0,SIG-style assurance domain,0.0,0.0,0.0,0.0,True,High,Medium
V-003,Q-12,partial,missing,Legal and Procurement,Document data return and deletion at contract exit,Exit and Deletion,"Are data return, deletion, and secure exit responsibilities documented?",1.1,SIG-style lifecycle domain,0.5,0.0,0.55,0.0,True,Medium,Medium
V-004,Q-01,no,missing,Third-Party Risk,Introduce proportionate supplier security governance,Governance,Does the supplier maintain a documented information security and supply-chain risk management program?,1.2,NIST 800-161 C-SCRM governance,0.0,0.0,0.0,0.0,True,High,Low
V-004,Q-02,partial,missing,Legal and Procurement,Add a security contact and incident notification clause,Governance,Are security responsibilities and escalation contacts defined in the contract or service agreement?,1.0,NIST 800-161 roles and responsibilities,0.5,0.0,0.5,0.0,True,Medium,Low
V-004,Q-03,partial,partial,Data Protection,Document handling of internal operational data,Data Protection,Does the supplier classify customer data and apply encryption at rest and in transit?,1.4,NIST 800-161 protection practices,0.5,0.5,0.7,0.7,True,Medium,Low
V-004,Q-04,na,missing,Identity Team,Confirm whether supplier system access is required,Identity and Access,Does the supplier enforce MFA and least privilege for administrative access?,1.5,NIST 800-161 foundational cyber practices,,0.0,0.0,0.0,False,Low,Low
V-004,Q-05,na,missing,Identity Team,Record access review applicability decision,Identity and Access,Are privileged access reviews performed on a defined cadence?,1.2,NIST 800-161 access governance,,0.0,0.0,0.0,False,Low,Low
V-004,Q-06,no,missing,Incident Response,Define basic incident escalation and notification process,Incident Response,Does the supplier maintain and test an incident response plan with customer notification criteria?,1.4,NIST 800-161 incident response,0.0,0.0,0.0,0.0,True,High,Low
V-004,Q-07,partial,missing,Continuity Management,Document service continuity expectations,Resilience,"Are backup, recovery, and continuity objectives documented and tested?",1.5,NIST 800-161 resilience and availability,0.5,0.0,0.75,0.0,True,Medium,Low
V-004,Q-08,na,missing,Security Operations,Confirm whether supplier logs are in scope,Monitoring,"Are security logs protected, retained, and monitored for suspicious activity?",1.2,NIST 800-161 detection and monitoring,,0.0,0.0,0.0,False,Low,Low
V-004,Q-09,partial,missing,Application Security,Document vulnerability management responsibility boundaries,Vulnerability Management,Does the supplier operate a vulnerability management and remediation process?,1.3,NIST 800-161 vulnerability practices,0.5,0.0,0.65,0.0,True,Medium,Low
V-004,Q-10,partial,missing,Third-Party Risk,Identify subcontractors used for facilities services,Subcontractors,Does the supplier identify and manage material fourth parties and subcontractors?,1.3,NIST 800-161 multi-tier supply chain,0.5,0.0,0.65,0.0,True,Medium,Low
V-004,Q-11,no,missing,Assurance,Use a proportionate security attestation,Assurance,Can the supplier provide relevant independent assurance or recent assessment evidence?,1.0,SIG-style assurance domain,0.0,0.0,0.0,0.0,True,High,Low
V-004,Q-12,partial,missing,Legal and Procurement,Add data return and exit language where applicable,Exit and Deletion,"Are data return, deletion, and secure exit responsibilities documented?",1.1,SIG-style lifecycle domain,0.5,0.0,0.55,0.0,True,Medium,Low
V-005,Q-01,yes,documented,Third-Party Risk,Keep C-SCRM program evidence aligned to backup service scope,Governance,Does the supplier maintain a documented information security and supply-chain risk management program?,1.2,NIST 800-161 C-SCRM governance,1.0,1.0,1.2,1.2,False,Low,High
V-005,Q-02,yes,documented,Legal and Procurement,Review escalation contacts during annual renewal,Governance,Are security responsibilities and escalation contacts defined in the contract or service agreement?,1.0,NIST 800-161 roles and responsibilities,1.0,1.0,1.0,1.0,False,Low,High
V-005,Q-03,yes,documented,Cloud Security,Validate encryption key separation and restoration controls,Data Protection,Does the supplier classify customer data and apply encryption at rest and in transit?,1.4,NIST 800-161 protection practices,1.0,1.0,1.4,1.4,False,Low,High
V-005,Q-04,partial,partial,Identity Team,Expand MFA coverage for emergency administration,Identity and Access,Does the supplier enforce MFA and least privilege for administrative access?,1.5,NIST 800-161 foundational cyber practices,0.5,0.5,0.75,0.75,True,Medium,High
V-005,Q-05,partial,partial,Identity Team,Require quarterly privileged access evidence,Identity and Access,Are privileged access reviews performed on a defined cadence?,1.2,NIST 800-161 access governance,0.5,0.5,0.6,0.6,True,Medium,High
V-005,Q-06,yes,documented,Incident Response,Exercise customer notification and recovery communications,Incident Response,Does the supplier maintain and test an incident response plan with customer notification criteria?,1.4,NIST 800-161 incident response,1.0,1.0,1.4,1.4,False,Low,High
V-005,Q-07,partial,partial,Continuity Management,Run recovery tests against agreed recovery time objectives,Resilience,"Are backup, recovery, and continuity objectives documented and tested?",1.5,NIST 800-161 resilience and availability,0.5,0.5,0.75,0.75,True,Medium,High
V-005,Q-08,yes,documented,Security Operations,Review log retention and alerting evidence quarterly,Monitoring,"Are security logs protected, retained, and monitored for suspicious activity?",1.2,NIST 800-161 detection and monitoring,1.0,1.0,1.2,1.2,False,Low,High
V-005,Q-09,yes,documented,Application Security,Monitor critical vulnerability remediation exceptions,Vulnerability Management,Does the supplier operate a vulnerability management and remediation process?,1.3,NIST 800-161 vulnerability practices,1.0,1.0,1.3,1.3,False,Low,High
V-005,Q-10,partial,partial,Third-Party Risk,Maintain fourth-party inventory and contractual controls,Subcontractors,Does the supplier identify and manage material fourth parties and subcontractors?,1.3,NIST 800-161 multi-tier supply chain,0.5,0.5,0.65,0.65,True,Medium,High
V-005,Q-11,yes,documented,Assurance,Validate independent assurance scope and bridge letter,Assurance,Can the supplier provide relevant independent assurance or recent assessment evidence?,1.0,SIG-style assurance domain,1.0,1.0,1.0,1.0,False,Low,High
V-005,Q-12,yes,documented,Legal and Procurement,Test data deletion and recovery media disposition,Exit and Deletion,"Are data return, deletion, and secure exit responsibilities documented?",1.1,SIG-style lifecycle domain,1.0,1.0,1.1,1.1,False,Low,High
