"question_id","domain","question_text","weight","reference_area"
"Q-01","Governance","Does the supplier maintain a documented information security and supply-chain risk management program?","1.2","NIST 800-161 C-SCRM governance"
"Q-02","Governance","Are security responsibilities and escalation contacts defined in the contract or service agreement?","1.0","NIST 800-161 roles and responsibilities"
"Q-03","Data Protection","Does the supplier classify customer data and apply encryption at rest and in transit?","1.4","NIST 800-161 protection practices"
"Q-04","Identity and Access","Does the supplier enforce MFA and least privilege for administrative access?","1.5","NIST 800-161 foundational cyber practices"
"Q-05","Identity and Access","Are privileged access reviews performed on a defined cadence?","1.2","NIST 800-161 access governance"
"Q-06","Incident Response","Does the supplier maintain and test an incident response plan with customer notification criteria?","1.4","NIST 800-161 incident response"
"Q-07","Resilience","Are backup, recovery, and continuity objectives documented and tested?","1.5","NIST 800-161 resilience and availability"
"Q-08","Monitoring","Are security logs protected, retained, and monitored for suspicious activity?","1.2","NIST 800-161 detection and monitoring"
"Q-09","Vulnerability Management","Does the supplier operate a vulnerability management and remediation process?","1.3","NIST 800-161 vulnerability practices"
"Q-10","Subcontractors","Does the supplier identify and manage material fourth parties and subcontractors?","1.3","NIST 800-161 multi-tier supply chain"
"Q-11","Assurance","Can the supplier provide relevant independent assurance or recent assessment evidence?","1.0","SIG-style assurance domain"
"Q-12","Exit and Deletion","Are data return, deletion, and secure exit responsibilities documented?","1.1","SIG-style lifecycle domain"
