vendor_id,question_id,answer,evidence_status,owner,remediation
V-001,Q-01,yes,documented,Third-Party Risk,Maintain annual program review and supplier risk committee evidence
V-001,Q-02,partial,partial,Legal and Procurement,Add named escalation contacts and notification SLA to contract
V-001,Q-03,yes,documented,Cloud Security,Retain encryption architecture and key-management evidence
V-001,Q-04,partial,partial,Identity Team,Require phishing-resistant MFA for all privileged supplier access
V-001,Q-05,no,missing,Identity Team,Establish quarterly privileged access review with sign-off
V-001,Q-06,partial,partial,Incident Response,Validate customer notification timing through a tabletop exercise
V-001,Q-07,yes,documented,Continuity Management,Review recovery test evidence against payment service objectives
V-001,Q-08,partial,partial,Security Operations,Confirm log retention monitoring and customer-accessible evidence
V-001,Q-09,yes,documented,Application Security,Track critical remediation SLA exceptions through governance
V-001,Q-10,partial,missing,Third-Party Risk,Obtain material fourth-party inventory and flow-down controls
V-001,Q-11,yes,documented,Assurance,Record scope and validity dates of independent assurance
V-001,Q-12,yes,documented,Legal and Procurement,Verify deletion attestation and exit test evidence
V-002,Q-01,yes,documented,Third-Party Risk,Refresh supplier program evidence annually
V-002,Q-02,yes,documented,Legal and Procurement,Keep contract contacts current during renewal
V-002,Q-03,partial,partial,Cloud Security,Close gaps in encryption key ownership documentation
V-002,Q-04,yes,documented,Identity Team,Revalidate administrator access population quarterly
V-002,Q-05,partial,partial,Identity Team,Automate privileged access review reminders and sign-off
V-002,Q-06,partial,missing,Incident Response,Obtain a tested notification playbook and evidence
V-002,Q-07,partial,partial,Continuity Management,Test recovery objectives for payroll-critical periods
V-002,Q-08,yes,documented,Security Operations,Maintain monitoring evidence and alert response metrics
V-002,Q-09,yes,documented,Application Security,Review vulnerability aging trends quarterly
V-002,Q-10,no,missing,Third-Party Risk,Document subcontractor inventory and contractual flow-down
V-002,Q-11,yes,documented,Assurance,Validate assurance report scope against the service boundary
V-002,Q-12,yes,documented,Legal and Procurement,Retain deletion certificate process evidence
V-003,Q-01,partial,partial,Third-Party Risk,Formalize a lightweight supplier risk program
V-003,Q-02,partial,missing,Legal and Procurement,Add security contacts and incident escalation terms
V-003,Q-03,partial,partial,Cloud Security,Document data minimization and encryption coverage
V-003,Q-04,partial,missing,Identity Team,Enforce MFA for support and administrator accounts
V-003,Q-05,no,missing,Identity Team,Start quarterly review of privileged access
V-003,Q-06,partial,missing,Incident Response,Create and test a customer notification workflow
V-003,Q-07,partial,partial,Continuity Management,Document backup frequency and recovery objectives
V-003,Q-08,no,missing,Security Operations,Enable protected logging and define monitoring ownership
V-003,Q-09,partial,partial,Application Security,Define vulnerability severity and remediation targets
V-003,Q-10,partial,missing,Third-Party Risk,Identify analytics subcontractors and data flows
V-003,Q-11,no,missing,Assurance,Provide a current independent assessment or compensating evidence
V-003,Q-12,partial,missing,Legal and Procurement,Document data return and deletion at contract exit
V-004,Q-01,no,missing,Third-Party Risk,Introduce proportionate supplier security governance
V-004,Q-02,partial,missing,Legal and Procurement,Add a security contact and incident notification clause
V-004,Q-03,partial,partial,Data Protection,Document handling of internal operational data
V-004,Q-04,na,missing,Identity Team,Confirm whether supplier system access is required
V-004,Q-05,na,missing,Identity Team,Record access review applicability decision
V-004,Q-06,no,missing,Incident Response,Define basic incident escalation and notification process
V-004,Q-07,partial,missing,Continuity Management,Document service continuity expectations
V-004,Q-08,na,missing,Security Operations,Confirm whether supplier logs are in scope
V-004,Q-09,partial,missing,Application Security,Document vulnerability management responsibility boundaries
V-004,Q-10,partial,missing,Third-Party Risk,Identify subcontractors used for facilities services
V-004,Q-11,no,missing,Assurance,Use a proportionate security attestation
V-004,Q-12,partial,missing,Legal and Procurement,Add data return and exit language where applicable
V-005,Q-01,yes,documented,Third-Party Risk,Keep C-SCRM program evidence aligned to backup service scope
V-005,Q-02,yes,documented,Legal and Procurement,Review escalation contacts during annual renewal
V-005,Q-03,yes,documented,Cloud Security,Validate encryption key separation and restoration controls
V-005,Q-04,partial,partial,Identity Team,Expand MFA coverage for emergency administration
V-005,Q-05,partial,partial,Identity Team,Require quarterly privileged access evidence
V-005,Q-06,yes,documented,Incident Response,Exercise customer notification and recovery communications
V-005,Q-07,partial,partial,Continuity Management,Run recovery tests against agreed recovery time objectives
V-005,Q-08,yes,documented,Security Operations,Review log retention and alerting evidence quarterly
V-005,Q-09,yes,documented,Application Security,Monitor critical vulnerability remediation exceptions
V-005,Q-10,partial,partial,Third-Party Risk,Maintain fourth-party inventory and contractual controls
V-005,Q-11,yes,documented,Assurance,Validate independent assurance scope and bridge letter
V-005,Q-12,yes,documented,Legal and Procurement,Test data deletion and recovery media disposition
